UniquePlayer,MaddenPlayer,PerfMatch,PerfName,DKPointsName,Status
Christian McCaffreyRB15260878,Christian McCaffreyRB15260878,Christian McCaffreyRB15260878,Christian McCaffrey,"McCaffrey, Christian",
Michael ThomasWR15260880,Michael ThomasWR15260880,Michael ThomasWR15260880,Michael Thomas,"Thomas, Michael",
Saquon BarkleyRB15260879,Saquon BarkleyRB15260879,Saquon BarkleyRB15260879,Saquon Barkley,"Barkley, Saquon",
Lamar JacksonQB15260866,Lamar JacksonQB15260866,Lamar JacksonQB15260866,Lamar Jackson,"Jackson, Lamar",
Ezekiel ElliottRB15260870,Ezekiel ElliottRB15260870,Ezekiel ElliottRB15260870,Ezekiel Elliott,"Elliott, Ezekiel",
Tyreek HillWR15260868,Tyreek HillWR15260868,Tyreek HillWR15260868,Tyreek Hill,"Hill, Tyreek",
Dalvin CookRB15260877,Dalvin CookRB15260877,Dalvin CookRB15260877,Dalvin Cook,"Cook, Dalvin",
Derrick HenryRB15260871,Derrick HenryRB15260871,Derrick HenryRB15260871,Derrick Henry,"Henry, Derrick",
Julio JonesWR15260883,Julio JonesWR15260883,Julio JonesWR15260883,Julio Jones,"Jones, Julio",
Patrick MahomesQB15260868,Patrick MahomesQB15260868,Patrick MahomesQB15260868,Patrick Mahomes,"Mahomes II, Patrick",
Davante AdamsWR15260875,Davante AdamsWR15260875,Davante AdamsWR15260875,Davante Adams,"Adams, Davante",
Alvin KamaraRB15260880,Alvin KamaraRB15260880,Alvin KamaraRB15260880,Alvin Kamara,"Kamara, Alvin",
George KittleTE15260863,George KittleTE15260863,George KittleTE15260863,George Kittle,"Kittle, George",
Chris GodwinWR15260886,Chris GodwinWR15260886,Chris GodwinWR15260886,Chris Godwin,"Godwin, Chris",
Russell WilsonQB15260881,Russell WilsonQB15260881,Russell WilsonQB15260881,Russell Wilson,"Wilson, Russell",
Clyde Edwards-HelaireRB15260868,Clyde Edwards-HelaireRB15260868,Clyde Edwards-HelaireRB15260868,Clyde Edwards-Helaire,"Edwards-Helaire, Clyde",
Travis KelceTE15260868,Travis KelceTE15260868,Travis KelceTE15260868,Travis Kelce,"Kelce, Travis",
Austin EkelerRB15260872,Austin EkelerRB15260872,Austin EkelerRB15260872,Austin Ekeler,"Ekeler, Austin",
Amari CooperWR15260870,Amari CooperWR15260870,Amari CooperWR15260870,Amari Cooper,"Cooper, Amari",
Mike EvansWR15260886,Mike EvansWR15260886,Mike EvansWR15260886,Mike Evans,"Evans, Mike",
Deshaun WatsonQB15260889,Deshaun WatsonQB15260889,Deshaun WatsonQB15260889,Deshaun Watson,"Watson, Deshaun",
Aaron JonesRB15260875,Aaron JonesRB15260875,Aaron JonesRB15260875,Aaron Jones,"Jones, Aaron",
Dak PrescottQB15260870,Dak PrescottQB15260870,Dak PrescottQB15260870,Dak Prescott,"Prescott, Dak",
Drew BreesQB15260880,Drew BreesQB15260880,Drew BreesQB15260880,Drew Brees,"Brees, Drew",
Josh JacobsRB15260876,Josh JacobsRB15260876,Josh JacobsRB15260876,Josh Jacobs,"Jacobs, Josh",
DeAndre HopkinsWR15260888,DeAndre HopkinsWR15260888,DeAndre HopkinsWR15260888,DeAndre Hopkins,"Hopkins, DeAndre",
Matt RyanQB15260883,Matt RyanQB15260883,Matt RyanQB15260883,Matt Ryan,"Ryan, Matt",
Adam ThielenWR15260877,Adam ThielenWR15260877,Adam ThielenWR15260877,Adam Thielen,"Thielen, Adam",
Joe MixonRB15260869,Joe MixonRB15260869,Joe MixonRB15260869,Joe Mixon,"Mixon, Joe",
DJ MooreWR15260878,D.J. MooreWR15260878,D.J. MooreWR15260878,D.J. Moore,"Moore, D.J.",
James ConnerRB15260860,James ConnerRB15260860,James ConnerRB15260860,James Conner,"Conner, James",
Allen Robinson IIWR15260864,Allen Robinson IIWR15260864,Allen RobinsonWR15260864,Allen Robinson,"Robinson, Allen",
Tom BradyQB15260886,Tom BradyQB15260886,Tom BradyQB15260886,Tom Brady,"Brady, Tom",
Tyler LockettWR15260881,Tyler LockettWR15260881,Tyler LockettWR15260881,Tyler Lockett,"Lockett, Tyler",
Nick ChubbRB15260885,Nick ChubbRB15260885,Nick ChubbRB15260885,Nick Chubb,"Chubb, Nick",
Josh AllenQB15260861,Josh AllenQB15260861,Josh AllenQB15260861,Josh Allen,"Allen, Josh",
Cooper KuppWR15260882,Cooper KuppWR15260882,Cooper KuppWR15260882,Cooper Kupp,"Kupp, Cooper",
Robert WoodsWR15260882,Robert WoodsWR15260882,Robert WoodsWR15260882,Robert Woods,"Woods, Robert",
Stefon DiggsWR15260861,Stefon DiggsWR15260861,Stefon DiggsWR15260861,Stefon Diggs,"Diggs, Stefon",
Keenan AllenWR15260872,Keenan AllenWR15260872,Keenan AllenWR15260872,Keenan Allen,"Allen, Keenan",
Kyler MurrayQB15260888,Kyler MurrayQB15260888,Kyler MurrayQB15260888,Kyler Murray,"Murray, Kyler",
Kenyan DrakeRB15260888,Kenyan DrakeRB15260888,Kenyan DrakeRB15260888,Kenyan Drake,"Drake, Kenyan",
Ben RoethlisbergerQB15260860,Ben RoethlisbergerQB15260860,Ben RoethlisbergerQB15260860,Ben Roethlisberger,"Roethlisberger, Ben",
JuJu Smith-SchusterWR15260860,JuJu Smith-SchusterWR15260860,JuJu Smith-SchusterWR15260860,JuJu Smith-Schuster,"Smith-Schuster, JuJu",
Carson WentzQB15260862,Carson WentzQB15260862,Carson WentzQB15260862,Carson Wentz,"Wentz, Carson",
Miles SandersRB15260862,Miles SandersRB15260862,,,,NoMatch
Aaron RodgersQB15260875,Aaron RodgersQB15260875,Aaron RodgersQB15260875,Aaron Rodgers,"Rodgers, Aaron",
DJ Chark Jr.WR15260884,D.J. Chark JrWR15260884,DJ CharkWR15260884,DJ Chark,"Chark, D.J.",
A.J. BrownWR15260871,A.J. BrownWR15260871,A.J. BrownWR15260871,A.J. Brown,"Brown, A.J.",
Matthew StaffordQB15260874,Matthew StaffordQB15260874,Matthew StaffordQB15260874,Matthew Stafford,"Stafford, Matthew",
Kenny GolladayWR15260874,Kenny GolladayWR15260874,,,,NoMatch
Chris CarsonRB15260881,Chris CarsonRB15260881,Chris CarsonRB15260881,Chris Carson,"Carson, Chris",
Will Fuller VWR15260889,Will Fuller VWR15260889,Will FullerWR15260889,Will Fuller,"Fuller, Will",
Courtland SuttonWR15260873,Courtland SuttonWR15260873,,,,NoMatch
Cam NewtonQB15260865,Cam NewtonQB15260865,Cam NewtonQB15260865,Cam Newton,"Newton, Cam",
Todd Gurley IIRB15260883,Todd Gurley IIRB15260883,Todd GurleyRB15260883,Todd Gurley,"Gurley, Todd",
Calvin RidleyWR15260883,Calvin RidleyWR15260883,Calvin RidleyWR15260883,Calvin Ridley,"Ridley, Calvin",
Tyler BoydWR15260869,Tyler BoydWR15260869,Tyler BoydWR15260869,Tyler Boyd,"Boyd, Tyler",
Daniel JonesQB15260879,Daniel JonesQB15260879,Daniel JonesQB15260879,Daniel Jones,"Jones, Daniel",
James WhiteRB15260865,James WhiteRB15260865,James WhiteRB15260865,James White,"White, James",
DeVante ParkerWR15260890,DeVante ParkerWR15260890,DeVante ParkerWR15260890,DeVante Parker,"Parker, DeVante",
Julian EdelmanWR15260865,Julian EdelmanWR15260865,Julian EdelmanWR15260865,Julian Edelman,"Edelman, Julian",
David JohnsonRB15260889,David JohnsonRB15260889,David JohnsonRB15260889,David Johnson,"Johnson, David",
Philip RiversQB15260867,Philip RiversQB15260867,Philip RiversQB15260867,Philip Rivers,"Rivers, Philip",
Mark AndrewsTE15260866,Mark AndrewsTE15260866,Mark AndrewsTE15260866,Mark Andrews,"Andrews, Mark",
David MontgomeryRB15260864,David MontgomeryRB15260864,David MontgomeryRB15260864,David Montgomery,"Montgomery, David",
Odell Beckham Jr.WR15260885,Odell Beckham JrWR15260885,Odell Beckham Jr.WR15260885,Odell Beckham Jr.,"Beckham Jr., Odell",
Jarvis LandryWR15260885,Jarvis LandryWR15260885,Jarvis LandryWR15260885,Jarvis Landry,"Landry, Jarvis",
Derek CarrQB15260876,Derek CarrQB15260876,Derek CarrQB15260876,Derek Carr,"Carr, Derek",
Teddy BridgewaterQB15260878,Teddy BridgewaterQB15260878,Teddy BridgewaterQB15260878,Teddy Bridgewater,"Bridgewater, Teddy",
Darren WallerTE15260876,Darren WallerTE15260876,Darren WallerTE15260876,Darren Waller,"Waller, Darren",
Ryan TannehillQB15260871,Ryan TannehillQB15260871,Ryan TannehillQB15260871,Ryan Tannehill,"Tannehill, Ryan",
DK MetcalfWR15260881,D.K. MetcalfWR15260881,D.K. MetcalfWR15260881,D.K. Metcalf,"Metcalf, D.K.",
Zach ErtzTE15260862,Zach ErtzTE15260862,Zach ErtzTE15260862,Zach Ertz,"Ertz, Zach",
Gardner Minshew IIQB15260884,Gardner Minshew IIQB15260884,Gardner Minshew IIQB15260884,Gardner Minshew II,"Minshew, Gardner",
T.Y. HiltonWR15260867,T.Y. HiltonWR15260867,T.Y. HiltonWR15260867,T.Y. Hilton,"Hilton, T.Y.",
Joe BurrowQB15260869,Joe BurrowQB15260869,Joe BurrowQB15260869,Joe Burrow,"Burrow, Joe",
Jimmy GaroppoloQB15260863,Jimmy GaroppoloQB15260863,Jimmy GaroppoloQB15260863,Jimmy Garoppolo,"Garoppolo, Jimmy",
Raheem MostertRB15260863,Raheem MostertRB15260863,Raheem MostertRB15260863,Raheem Mostert,"Mostert, Raheem",
Emmanuel SandersWR15260880,Emmanuel SandersWR15260880,Emmanuel SandersWR15260880,Emmanuel Sanders,"Sanders, Emmanuel",
Kirk CousinsQB15260877,Kirk CousinsQB15260877,Kirk CousinsQB15260877,Kirk Cousins,"Cousins, Kirk",
Jonathan TaylorRB15260867,Jonathan TaylorRB15260867,Jonathan TaylorRB15260867,Jonathan Taylor,"Taylor, Jonathan",
Baker MayfieldQB15260885,Baker MayfieldQB15260885,Baker MayfieldQB15260885,Baker Mayfield,"Mayfield, Baker",
A.J. GreenWR15260869,A.J. GreenWR15260869,A.J. GreenWR15260869,A.J. Green,"Green, A.J.",
Jared GoffQB15260882,Jared GoffQB15260882,Jared GoffQB15260882,Jared Goff,"Goff, Jared",
Sterling ShepardWR15260879,Sterling ShepardWR15260879,Sterling ShepardWR15260879,Sterling Shepard,"Shepard, Sterling",
Terry McLaurinWR15260891,Terry McLaurinWR15260891,Terry McLaurinWR15260891,Terry McLaurin,"McLaurin, Terry",
Le'Veon BellRB15260887,Le'Veon BellRB15260887,Le'Veon BellRB15260887,Le'Veon Bell,"Bell, Le'Veon",
John BrownWR15260861,John BrownWR15260861,John BrownWR15260861,John Brown,"Brown, John",
Tyrod TaylorQB15260872,Tyrod TaylorQB15260872,Tyrod TaylorQB15260872,Tyrod Taylor,"Taylor, Tyrod",
Cam AkersRB15260882,Cam AkersRB15260882,Cam AkersRB15260882,Cam Akers,"Akers, Cam",
Michael GallupWR15260870,Michael GallupWR15260870,Michael GallupWR15260870,Michael Gallup,"Gallup, Michael",
Drew LockQB15260873,Drew LockQB15260873,Drew LockQB15260873,Drew Lock,"Lock, Drew",
Marvin Jones Jr.WR15260874,Marvin Jones JrWR15260874,Marvin JonesWR15260874,Marvin Jones,"Jones, Marvin",
Jameis WinstonQB15260880,Jameis WinstonQB15260880,,,,NoMatch
Jared CookTE15260880,Jared CookTE15260880,Jared CookTE15260880,Jared Cook,"Cook, Jared",
Mark Ingram IIRB15260866,Mark Ingram IIRB15260866,Mark IngramRB15260866,Mark Ingram,"Ingram, Mark",
Sam DarnoldQB15260887,Sam DarnoldQB15260887,Sam DarnoldQB15260887,Sam Darnold,"Darnold, Sam",
Tyrell WilliamsWR15260876,Tyrell WilliamsWR15260876,,,,NoMatch
Justin HerbertQB15260872,Justin HerbertQB15260872,,,,NoMatch
Phillip LindsayRB15260873,Phillip LindsayRB15260873,Phillip LindsayRB15260873,Phillip Lindsay,"Lindsay, Phillip",
Melvin Gordon IIIRB15260873,Melvin Gordon IIIRB15260873,Melvin GordonRB15260873,Melvin Gordon,"Gordon, Melvin",
Mitchell TrubiskyQB15260864,Mitchell TrubiskyQB15260864,Mitchell TrubiskyQB15260864,Mitchell Trubisky,"Trubisky, Mitchell",
Nick FolesQB15260864,Nick FolesQB15260864,,,,NoMatch
Alshon JefferyWR15260862,Alshon JefferyWR15260862,,,,NoMatch
Devin SingletaryRB15260861,Devin SingletaryRB15260861,Devin SingletaryRB15260861,Devin Singletary,"Singletary, Devin",
Andy DaltonQB15260870,Andy DaltonQB15260870,,,,NoMatch
Ryan FitzpatrickQB15260890,Ryan FitzpatrickQB15260890,Ryan FitzpatrickQB15260890,Ryan Fitzpatrick,"Fitzpatrick, Ryan",
Marlon MackRB15260867,Marlon MackRB15260867,Marlon MackRB15260867,Marlon Mack,"Mack, Marlon",
Hunter HenryTE15260872,Hunter HenryTE15260872,Hunter HenryTE15260872,Hunter Henry,"Henry, Hunter",
Deebo SamuelWR15260863,Deebo SamuelWR15260863,,,,NoMatch
Tua TagovailoaQB15260890,Tua TagovailoaQB15260890,,,,NoMatch
Jarrett StidhamQB15260865,Jarrett StidhamQB15260865,,,,NoMatch
Ronald Jones IIRB15260886,Ronald Jones IIRB15260886,Ronald Jones IIRB15260886,Ronald Jones II,"Jones, Ronald",
Brandin CooksWR15260889,Brandin CooksWR15260889,Brandin CooksWR15260889,Brandin Cooks,"Cooks, Brandin",
Jamison CrowderWR15260887,Jamison CrowderWR15260887,Jamison CrowderWR15260887,Jamison Crowder,"Crowder, Jamison",
Mason RudolphQB15260860,Mason RudolphQB15260860,,,,NoMatch
Golden TateWR15260879,Golden Tate IIIWR15260879,,,,NoMatch
Evan EngramTE15260879,Evan EngramTE15260879,Evan EngramTE15260879,Evan Engram,"Engram, Evan",
Jordan HowardRB15260890,Jordan HowardRB15260890,Jordan HowardRB15260890,Jordan Howard,"Howard, Jordan",
Jacoby BrissettQB15260867,Jacoby BrissettQB15260867,,,,NoMatch
Kareem HuntRB15260885,Kareem HuntRB15260885,Kareem HuntRB15260885,Kareem Hunt,"Hunt, Kareem",
Marquise BrownWR15260866,Marquise BrownWR15260866,Marquise BrownWR15260866,Marquise Brown,"Brown, Marquise",
Austin HooperTE15260885,Austin HooperTE15260885,Austin HooperTE15260885,Austin Hooper,"Hooper, Austin",
Henry Ruggs IIIWR15260876,Henry Ruggs IIIWR15260876,Henry Ruggs IIIWR15260876,Henry Ruggs III,"Ruggs III, Henry",
Matt BreidaRB15260890,Matt BreidaRB15260890,Matt BreidaRB15260890,Matt Breida,"Breida, Matt",
Chase DanielQB15260874,Chase DanielQB15260874,,,,NoMatch
Anthony MillerWR15260864,Anthony MillerWR15260864,Anthony MillerWR15260864,Anthony Miller,"Miller, Anthony",
Matt SchaubQB15260883,Matt SchaubQB15260883,,,,NoMatch
Jalen HurtsQB15260862,Jalen HurtsQB15260862,,,,NoMatch
Dwayne Haskins Jr.QB15260891,Dwayne Haskins JrQB15260891,Dwayne HaskinsQB15260891,Dwayne Haskins,"Haskins, Dwayne",
J.K. DobbinsRB15260866,J.K. DobbinsRB15260866,J.K. DobbinsRB15260866,J.K. Dobbins,"Dobbins, J.K.",
Ryan FinleyQB15260869,Ryan FinleyQB15260869,,,,NoMatch
Christian KirkWR15260888,Christian KirkWR15260888,Christian KirkWR15260888,Christian Kirk,"Kirk, Christian",
Kendrick BourneWR15260863,Kendrick BourneWR15260863,Kendrick BourneWR15260863,Kendrick Bourne,"Bourne, Kendrick",
Tyler HigbeeTE15260882,Tyler HigbeeTE15260882,Tyler HigbeeTE15260882,Tyler Higbee,"Higbee, Tyler",
Tarik CohenRB15260864,Tarik CohenRB15260864,Tarik CohenRB15260864,Tarik Cohen,"Cohen, Tarik",
D'Andre SwiftRB15260874,D'Andre SwiftRB15260874,D'Andre SwiftRB15260874,D'Andre Swift,"Swift, D'Andre",
Rob GronkowskiTE15260886,Rob GronkowskiTE15260886,Rob GronkowskiTE15260886,Rob Gronkowski,"Gronkowski, Rob",
AJ McCarronQB15260889,A.J. McCarronQB15260889,,,,NoMatch
Alex SmithQB15260891,Alex SmithQB15260891,,,,NoMatch
DeSean JacksonWR15260862,DeSean JacksonWR15260862,DeSean JacksonWR15260862,DeSean Jackson,"Jackson, DeSean",
Allen LazardWR15260875,Allen LazardWR15260875,Allen LazardWR15260875,Allen Lazard,"Lazard, Allen",
Breshad PerrimanWR15260887,Breshad PerrimanWR15260887,Breshad PerrimanWR15260887,Breshad Perriman,"Perriman, Breshad",
Marcus MariotaQB15260876,Marcus MariotaQB15260876,,,,NoMatch
David BloughQB15260874,David BloughQB15260874,,,,NoMatch
Danny AmendolaWR15260874,Danny AmendolaWR15260874,Danny AmendolaWR15260874,Danny Amendola,"Amendola, Danny",
Matt MooreQB15260868,,,,,NoMatch
Boston ScottRB15260862,Boston ScottRB15260862,Boston ScottRB15260862,Boston Scott,"Scott, Boston",
Justin JeffersonWR15260877,Justin JeffersonWR15260877,Justin JeffersonWR15260877,Justin Jefferson,"Jefferson, Justin",
Robert Griffin IIIQB15260866,Robert Griffin IIIQB15260866,Robert Griffin IIIQB15260866,Robert Griffin III,"Griffin III, Robert",
Cole BeasleyWR15260861,Cole BeasleyWR15260861,Cole BeasleyWR15260861,Cole Beasley,"Beasley, Cole",
Tony PollardRB15260870,Tony PollardRB15260870,Tony PollardRB15260870,Tony Pollard,"Pollard, Tony",
Benny Snell Jr.RB15260860,Benny Snell JrRB15260860,Benny Snell Jr.RB15260860,Benny Snell Jr.,"Snell, Benny",
Blaine GabbertQB15260886,Blaine GabbertQB15260886,,,,NoMatch
Steven Sims Jr.WR15260891,Steven SimsWR15260891,Steven SimsWR15260891,Steven Sims,"Sims Jr., Steven",
Jalen RichardRB15260876,Jalen RichardRB15260876,Jalen RichardRB15260876,Jalen Richard,"Richard, Jalen",
Robby AndersonWR15260878,Robby AndersonWR15260878,Robby AndersonWR15260878,Robby Anderson,"Anderson, Robby",
Mike WilliamsWR15260872,Mike WilliamsWR15260872,Mike WilliamsWR15260872,Mike Williams,"Williams, Mike",
Brett HundleyQB15260888,Brett HundleyQB15260888,,,,NoMatch
Darrell Henderson Jr.RB15260882,Darrell Henderson JrRB15260882,Darrell HendersonRB15260882,Darrell Henderson,"Henderson, Darrell",
Blake JarwinTE15260870,Blake JarwinTE15260870,Blake JarwinTE15260870,Blake Jarwin,"Jarwin, Blake",
Darius SlaytonWR15260879,Darius SlaytonWR15260879,Darius SlaytonWR15260879,Darius Slayton,"Slayton, Darius",
Sony MichelRB15260865,Sony MichelRB15260865,Sony MichelRB15260865,Sony Michel,"Michel, Sony",
Latavius MurrayRB15260880,Latavius MurrayRB15260880,Latavius MurrayRB15260880,Latavius Murray,"Murray, Latavius",
Carlos HydeRB15260881,Carlos HydeRB15260881,Carlos HydeRB15260881,Carlos Hyde,"Hyde, Carlos",
Sammy WatkinsWR15260868,Sammy WatkinsWR15260868,Sammy WatkinsWR15260868,Sammy Watkins,"Watkins, Sammy",
Kyle AllenQB15260891,Kyle AllenQB15260891,,,,NoMatch
Dede WestbrookWR15260884,Dede WestbrookWR15260884,,,,NoMatch
Will GrierQB15260878,Will GrierQB15260878,,,,NoMatch
Curtis SamuelWR15260878,Curtis SamuelWR15260878,Curtis SamuelWR15260878,Curtis Samuel,"Samuel, Curtis",
Eric EbronTE15260860,Eric EbronTE15260860,Eric EbronTE15260860,Eric Ebron,"Ebron, Eric",
Adrian PetersonRB15260874,Adrian PetersonRB15260891,Adrian PetersonRB15260874,Adrian Peterson,"Peterson, Adrian",
Preston WilliamsWR15260890,Preston WilliamsWR15260890,Preston WilliamsWR15260890,Preston Williams,"Williams, Preston",
Mohamed SanuWR15260865,Mohamed Sanu SrWR15260865,,,,NoMatch
Mike GesickiTE15260890,Mike GesickiTE15260890,Mike GesickiTE15260890,Mike Gesicki,"Gesicki, Mike",
Ke'Shawn VaughnRB15260886,Ke'Shawn VaughnRB15260886,,,,NoMatch
Duke JohnsonRB15260889,Duke Johnson JrRB15260889,Duke JohnsonRB15260889,Duke Johnson,"Johnson, Duke",
Randall CobbWR15260889,Randall CobbWR15260889,Randall CobbWR15260889,Randall Cobb,"Cobb, Randall",
Tim BoyleQB15260875,Tim BoyleQB15260875,Tim BoyleQB15260875,Tim Boyle,"Boyle, Tim",
Case KeenumQB15260885,Case KeenumQB15260885,,,,NoMatch
Hunter RenfrowWR15260876,Hunter RenfrowWR15260876,Hunter RenfrowWR15260876,Hunter Renfrow,"Renfrow, Hunter",
Larry FitzgeraldWR15260888,Larry FitzgeraldWR15260888,Larry FitzgeraldWR15260888,Larry Fitzgerald,"Fitzgerald, Larry",
Brandon AiyukWR15260863,Brandon AiyukWR15260863,,,,NoMatch
Malcolm BrownRB15260882,Malcolm BrownRB15260882,Malcolm BrownRB15260882,Malcolm Brown,"Brown, Malcolm",
Devlin HodgesQB15260860,Devlin HodgesQB15260860,,,,NoMatch
N'Keal HarryWR15260865,N'Keal HarryWR15260865,N'Keal HarryWR15260865,N'Keal Harry,"Harry, N'Keal",
Kerryon JohnsonRB15260874,Kerryon JohnsonRB15260874,Kerryon JohnsonRB15260874,Kerryon Johnson,"Johnson, Kerryon",
Taysom HillQB15260880,Taysom HillQB15260880,Taysom HillQB15260880,Taysom Hill,"Hill, Taysom",
Kenny StillsWR15260889,Kenny StillsWR15260889,,,,NoMatch
AJ DillonRB15260875,A.J. DillonRB15260875,AJ DillonRB15260875,AJ Dillon,"Dillon, AJ",
Mike GlennonQB15260884,Mike GlennonQB15260884,,,,NoMatch
Michael Pittman Jr.WR15260867,Michael Pittman JrWR15260867,Michael Pittman Jr.WR15260867,Michael Pittman Jr.,"Pittman Jr., Michael",
Laviska Shenault Jr.WR15260884,Laviska Shenault JrWR15260884,Laviska Shenault Jr.WR15260884,Laviska Shenault Jr.,"Shenault Jr., Laviska",
Devin DuvernayWR15260866,Devin DuvernayWR15260866,Devin DuvernayWR15260866,Devin Duvernay,"Duvernay, Devin",
Joe FlaccoQB15260887,Joe FlaccoQB15260887,,,,NoMatch
Zack MossRB15260861,Zack MossRB15260861,Zack MossRB15260861,Zack Moss,"Moss, Zack",
Reggie BonnafonRB15260878,Reggie BonnafonRB15260878,,,,NoMatch
Giovani BernardRB15260869,Giovani BernardRB15260869,Giovani BernardRB15260869,Giovani Bernard,"Bernard, Giovani",
Justin JacksonRB15260872,Justin JacksonRB15260872,Justin JacksonRB15260872,Justin Jackson,"Jackson, Justin",
Tee HigginsWR15260869,Tee HigginsWR15260869,,,,NoMatch
Chase EdmondsRB15260888,Chase EdmondsRB15260888,Chase EdmondsRB15260888,Chase Edmonds,"Edmonds, Chase",
Dion LewisRB15260879,Dion LewisRB15260879,Dion LewisRB15260879,Dion Lewis,"Lewis, Dion",
Jonnu SmithTE15260871,Jonnu SmithTE15260871,Jonnu SmithTE15260871,Jonnu Smith,"Smith, Jonnu",
Damien HarrisRB15260865,Damien HarrisRB15260865,,,,NoMatch
Ito SmithRB15260883,Ito SmithRB15260883,Ito SmithRB15260883,Ito Smith,"Smith, Ito",
Russell GageWR15260883,Russell Gage JrWR15260883,Russell GageWR15260883,Russell Gage,"Gage, Russell",
Hayden HurstTE15260883,Hayden HurstTE15260883,Hayden HurstTE15260883,Hayden Hurst,"Hurst, Hayden",
Jalen ReagorWR15260862,Jalen ReagorWR15260862,Jalen ReagorWR15260862,Jalen Reagor,"Reagor, Jalen",
Jordan LoveQB15260875,Jordan LoveQB15260875,,,,NoMatch
Rashard HigginsWR15260885,Rashard HigginsWR15260885,Rashard HigginsWR15260885,Rashard Higgins,"Higgins, Rashard",
Matt BarkleyQB15260861,Matt BarkleyQB15260861,,,,NoMatch
Denzel MimsWR15260887,Denzel MimsWR15260887,,,,NoMatch
Joshua KelleyRB15260872,Joshua KelleyRB15260872,Joshua KelleyRB15260872,Joshua Kelley,"Kelley, Joshua",
James WashingtonWR15260860,James WashingtonWR15260860,James WashingtonWR15260860,James Washington,"Washington, James",
Lynn Bowden Jr.RB15260890,Lynn Bowden JrRB15260876,,,,NoMatch
T.J. HockensonTE15260874,T.J. HockensonTE15260874,T.J. HockensonTE15260874,T.J. Hockenson,"Hockenson, T.J.",
Tommy StevensQB15260880,Tommy StevensQB15260880,,,,NoMatch
Kurt BenkertQB15260883,Kurt BenkertQB15260883,,,,NoMatch
Phillip Dorsett IIWR15260881,Phillip Dorsett IIWR15260881,,,,NoMatch
Darrel WilliamsRB15260868,Darrel WilliamsRB15260868,Darrel WilliamsRB15260868,Darrel Williams,"Williams, Darrel",
Mecole HardmanWR15260868,Mecole HardmanWR15260868,Mecole HardmanWR15260868,Mecole Hardman,"Hardman, Mecole",
Greg WardWR15260862,Greg Ward JrWR15260862,Greg WardWR15260862,Greg Ward,"Ward, Greg",
Alexander MattisonRB15260877,Alexander MattisonRB15260877,Alexander MattisonRB15260877,Alexander Mattison,"Mattison, Alexander",
Zach PascalWR15260867,Zach PascalWR15260867,Zach PascalWR15260867,Zach Pascal,"Pascal, Zach",
Bryan EdwardsWR15260876,Bryan EdwardsWR15260876,Bryan EdwardsWR15260876,Bryan Edwards,"Edwards, Bryan",
John Ross IIIWR15260869,John Ross IIIWR15260869,John RossWR15260869,John Ross,"Ross, John",
Tevin ColemanRB15260863,Tevin ColemanRB15260863,Tevin ColemanRB15260863,Tevin Coleman,"Coleman, Tevin",
Diontae JohnsonWR15260860,Diontae JohnsonWR15260860,Diontae JohnsonWR15260860,Diontae Johnson,"Johnson, Diontae",
Noah FantTE15260873,Noah FantTE15260873,Noah FantTE15260873,Noah Fant,"Fant, Noah",
LeSean McCoyRB15260886,,LeSean McCoyRB15260886,LeSean McCoy,"McCoy, LeSean",NoMatch
Danny EtlingQB15260881,Danny EtlingQB15260883,,,,NoMatch
Dallas GoedertTE15260862,Dallas GoedertTE15260862,Dallas GoedertTE15260862,Dallas Goedert,"Goedert, Dallas",
Jamaal WilliamsRB15260875,Jamaal WilliamsRB15260875,Jamaal WilliamsRB15260875,Jamaal Williams,"Williams, Jamaal",
Marquez Valdes-ScantlingWR15260875,Marquez Valdes-ScantlingWR15260875,Marquez Valdes-ScantlingWR15260875,Marquez Valdes-Scantling,"Valdes-Scantling, Marquez",
Olabisi JohnsonWR15260877,Olabisi JohnsonWR15260877,Olabisi JohnsonWR15260877,Olabisi Johnson,"Johnson, Olabisi",
Miles BoykinWR15260866,Miles BoykinWR15260866,Miles BoykinWR15260866,Miles Boykin,"Boykin, Miles",
Jake FrommQB15260861,Jake FrommQB15260861,,,,NoMatch
CeeDee LambWR15260870,CeeDee LambWR15260870,CeeDee LambWR15260870,CeeDee Lamb,"Lamb, CeeDee",
Jaylen SamuelsRB15260860,Jaylen SamuelsRB15260860,Jaylen SamuelsRB15260860,Jaylen Samuels,"Samuels, Jaylen",
Jason HuntleyRB15260862,Jason HuntleyRB15260874,Jason HuntleyRB15260862,Jason Huntley,"Huntley, Jason",
Josh RosenQB15260890,Josh RosenQB15260890,,,,NoMatch
Brian HoyerQB15260865,Brian HoyerQB15260865,,,,NoMatch
Brian LewerkeQB15260865,Brian LewerkeQB15260865,,,,NoMatch
Patrick LairdRB15260890,Patrick LairdRB15260890,Patrick LairdRB15260890,Patrick Laird,"Laird, Patrick",
Myles GaskinRB15260890,Myles GaskinRB15260890,Myles GaskinRB15260890,Myles Gaskin,"Gaskin, Myles",
Chandler CoxRB15260890,Chandler CoxRB15260890,,,,NoMatch
Malcolm PerryRB15260890,Malcolm PerryWR15260890,,,,NoMatch
Kalen BallageRB15260890,Kalen BallageRB15260890,,,,NoMatch
Rex BurkheadRB15260865,Rex BurkheadRB15260865,Rex BurkheadRB15260865,Rex Burkhead,"Burkhead, Rex",
Lamar MillerRB15260865,,,,,NoMatch
J.J. TaylorRB15260865,J.J. TaylorRB15260865,J.J. TaylorRB15260865,J.J. Taylor,"Taylor, J.J.",
Jakob JohnsonRB15260865,Jakob JohnsonRB15260865,,,,NoMatch
Salvon AhmedRB15260890,,,,,NoMatch
Tyler BrayQB15260864,Tyler BrayQB15260864,,,,NoMatch
Ryan NallRB15260864,Ryan NallRB15260864,,,,NoMatch
Artavis PierceRB15260864,,,,,NoMatch
Bo ScarbroughRB15260874,Bo ScarbroughRB15260874,,,,NoMatch
Ty JohnsonRB15260874,Ty JohnsonRB15260874,,,,NoMatch
Jonathan WilliamsRB15260874,,,,,NoMatch
Wes HillsRB15260874,,,,,NoMatch
Napoleon MaxwellRB15260864,,,,,NoMatch
Ryan GriffinQB15260886,Ryan GriffinQB15260886,,,,NoMatch
Reid SinnettQB15260886,,,,,NoMatch
Ty MontgomeryRB15260880,Ty Montgomery IIRB15260880,Ty MontgomeryWR15260880,Ty Montgomery,"Montgomery, Ty",
Tony Jones Jr.RB15260880,,,,,NoMatch
Michael BurtonRB15260880,Michael BurtonRB15260880,,,,NoMatch
Dare OgunbowaleRB15260886,Dare OgunbowaleRB15260886,,,,NoMatch
Raymond CalaisRB15260886,Raymond CalaisRB15260886,,,,NoMatch
Tre'Quan SmithWR15260880,Tre'Quan SmithWR15260880,Tre'Quan SmithWR15260880,Tre'Quan Smith,"Smith, Tre'Quan",
Scotty MillerWR15260886,Scotty MillerWR15260886,Scott MillerWR15260886,Scott Miller,"Miller, Scott",
Geno SmithQB15260881,Geno SmithQB15260881,,,,NoMatch
Anthony GordonQB15260881,Anthony GordonQB15260881,,,,NoMatch
Brian HillRB15260883,Brian HillRB15260883,Brian HillRB15260883,Brian Hill,"Hill, Brian",
Qadree OllisonRB15260883,Qadree OllisonRB15260883,,,,NoMatch
Craig ReynoldsRB15260883,Craig ReynoldsRB15260883,,,,NoMatch
Keith SmithRB15260883,Keith SmithRB15260883,,,,NoMatch
Mikey DanielRB15260883,,,,,NoMatch
Rashaad PennyRB15260881,Rashaad PennyRB15260881,,,,NoMatch
Travis HomerRB15260881,Travis HomerRB15260881,Travis HomerRB15260881,Travis Homer,"Homer, Travis",
DeeJay DallasRB15260881,DeeJay DallasRB15260881,,,,NoMatch
Nick BelloreRB15260881,Nick BelloreRB15260881,,,,NoMatch
Greg OlsenTE15260881,Greg OlsenTE15260881,Greg OlsenTE15260881,Greg Olsen,"Olsen, Greg",
Chad HenneQB15260868,Chad HenneQB15260868,,,,NoMatch
Jordan Ta'amuQB15260868,Jordan Ta'AmuQB15260868,,,,NoMatch
Buddy HowellRB15260889,Buddy HowellRB15260889,,,,NoMatch
Karan Higdon Jr.RB15260889,Karan HigdonRB15260889,,,,NoMatch
Scottie PhillipsRB15260889,,,,,NoMatch
DeAndre WashingtonRB15260868,DeAndre WashingtonRB15260868,,,,NoMatch
Elijah McGuireRB15260868,Elijah McGuireRB15260868,,,,NoMatch
Cullen GillaspiaRB15260889,Cullen GillaspiaRB15260889,,,,NoMatch
Anthony ShermanRB15260868,Anthony ShermanRB15260868,Anthony ShermanRB15260868,Anthony Sherman,"Sherman, Anthony",
Darwin ThompsonRB15260868,Darwin ThompsonRB15260868,,,,NoMatch
Nate SudfeldQB15260862,Nate SudfeldQB15260862,,,,NoMatch
Steven MontezQB15260891,,,,,NoMatch
Corey ClementRB15260862,Corey ClementRB15260862,Corey ClementRB15260862,Corey Clement,"Clement, Corey",
Elijah HolyfieldRB15260862,Elijah HolyfieldRB15260862,,,,NoMatch
Michael Warren IIRB15260862,,,,,NoMatch
Adrian Killins Jr.RB15260862,,,,,NoMatch
Antonio GibsonRB15260891,Antonio GibsonRB15260891,Antonio GibsonRB15260891,Antonio Gibson,"Gibson, Antonio",
J.D. McKissicRB15260891,J.D. McKissicRB15260891,J.D. McKissicWR15260891,J.D. McKissic,"McKissic, J.D.",
Bryce LoveRB15260891,Bryce LoveRB15260891,,,,NoMatch
Peyton BarberRB15260891,Peyton BarberRB15260891,Peyton BarberRB15260891,Peyton Barber,"Barber, Peyton",
Antonio Gandy-GoldenWR15260891,Antonio Gandy-GoldenWR15260891,,,,NoMatch
Sean MannionQB15260877,Sean MannionQB15260877,,,,NoMatch
Jake BrowningQB15260877,Jake BrowningQB15260877,,,,NoMatch
Nate StanleyQB15260877,Nate StanleyQB15260877,,,,NoMatch
Tyler ErvinRB15260875,Tyler ErvinRB15260875,Tyler ErvinRB15260875,Tyler Ervin,"Ervin, Tyler",
Dexter WilliamsRB15260875,Dexter WilliamsRB15260875,,,,NoMatch
John LovettRB15260875,,,,,NoMatch
Damarea CrockettRB15260875,,,,,NoMatch
Patrick TaylorRB15260875,,,,,NoMatch
Mike BooneRB15260877,Mike BooneRB15260877,,,,NoMatch
Ameer AbdullahRB15260877,Ameer AbdullahRB15260877,,,,NoMatch
Tony Brooks-JamesRB15260877,Tony Brooks-JamesRB15260877,,,,NoMatch
C.J. HamRB15260877,C.J. HamRB15260877,,,,NoMatch
Jacob EasonQB15260867,Jacob EasonQB15260867,,,,NoMatch
Chad KellyQB15260867,Chad KellyQB15260867,,,,NoMatch
Jake LutonQB15260884,Jake LutonQB15260884,,,,NoMatch
Josh DobbsQB15260884,Joshua DobbsQB15260884,,,,NoMatch
Nyheim HinesRB15260867,Nyheim HinesRB15260867,Nyheim HinesRB15260867,Nyheim Hines,"Hines, Nyheim",
Jordan WilkinsRB15260867,Jordan WilkinsRB15260867,,,,NoMatch
Ryquell ArmsteadRB15260884,Ryquell ArmsteadRB15260884,,,,NoMatch
Chris ThompsonRB15260884,Chris ThompsonRB15260884,Chris ThompsonRB15260884,Chris Thompson,"Thompson, Chris",
Devine OzigboRB15260884,Devine OzigboRB15260884,,,,NoMatch
James RobinsonRB15260884,,James RobinsonRB15260884,James Robinson,"Robinson, James",NoMatch
Nathan CottrellRB15260884,,,,,NoMatch
Bruce MillerRB15260884,,Bruce MillerRB15260884,Bruce Miller,"Miller, Bruce",NoMatch
Chris ConleyWR15260884,Chris ConleyWR15260884,Chris ConleyWR15260884,Chris Conley,"Conley, Chris",
Garrett GilbertQB15260885,Garrett GilbertQB15260885,,,,NoMatch
Kevin DavidsonQB15260885,,,,,NoMatch
Trace McSorleyQB15260866,Trace McSorleyQB15260866,,,,NoMatch
Tyler HuntleyQB15260866,Tyler HuntleyQB15260866,,,,NoMatch
Dontrell HilliardRB15260885,Dontrell HilliardRB15260885,,,,NoMatch
D'Ernest JohnsonRB15260885,D'Ernest JohnsonRB15260885,D'Ernest JohnsonRB15260885,D'Ernest Johnson,"Johnson, D'Ernest",
Benny LeMayRB15260885,,,,,NoMatch
Andy JanovichRB15260885,Andy JanovichRB15260885,,,,NoMatch
Johnny StantonRB15260885,,,,,NoMatch
Gus EdwardsRB15260866,Gus EdwardsRB15260866,Gus EdwardsRB15260866,Gus Edwards,"Edwards, Gus",
Justice HillRB15260866,Justice HillRB15260866,,,,NoMatch
Kenjon BarnerRB15260866,,,,,NoMatch
Ty'Son WilliamsRB15260866,,,,,NoMatch
Patrick RicardRB15260866,Patrick RicardRB15260866,Patrick RicardRB15260866,Patrick Ricard,"Ricard, Patrick",
Willie Snead IVWR15260866,Willie Snead IVWR15260866,Willie SneadWR15260866,Willie Snead,"Snead, Willie",
Davis WebbQB15260861,Davis WebbQB15260861,,,,NoMatch
David FalesQB15260887,David FalesQB15260887,,,,NoMatch
James MorganQB15260887,James MorganQB15260887,,,,NoMatch
Mike WhiteQB15260887,,,,,NoMatch
T.J. YeldonRB15260861,T.J. YeldonRB15260861,,,,NoMatch
Taiwan JonesRB15260861,Taiwan JonesRB15260861,,,,NoMatch
Christian WadeRB15260861,Christian WadeRB15260861,,,,NoMatch
Reggie GilliamRB15260861,,,,,NoMatch
Patrick DiMarcoRB15260861,Patrick DiMarcoRB15260861,,,,NoMatch
Frank GoreRB15260887,Frank GoreRB15260887,Frank GoreRB15260887,Frank Gore,"Gore, Frank",
La'Mical PerineRB15260887,La'Mical PerineRB15260887,,,,NoMatch
Josh AdamsRB15260887,Josh AdamsRB15260887,Josh AdamsRB15260887,Josh Adams,"Adams, Josh",
Nathan PetermanQB15260876,Nathan PetermanQB15260876,,,,NoMatch
P.J. WalkerQB15260878,P.J. WalkerQB15260878,,,,NoMatch
Theo RiddickRB15260876,,,,,NoMatch
Devontae BookerRB15260876,Devontae BookerRB15260876,Devontae BookerRB15260876,Devontae Booker,"Booker, Devontae",
Rod SmithRB15260876,Rod SmithRB15260876,,,,NoMatch
Alec IngoldRB15260876,Alec IngoldRB15260876,,,,NoMatch
Mike DavisRB15260878,Mike DavisRB15260878,,,,NoMatch
Trenton CannonRB15260878,Trenton CannonRB15260887,,,,NoMatch
Alex ArmahRB15260878,Alex Armah JrRB15260878,Alex ArmahRB15260878,Alex Armah,"Armah, Alex",
Brandon AllenQB15260869,,,,,NoMatch
Jake DolegalaQB15260869,Jake DolegalaQB15260869,,,,NoMatch
Easton StickQB15260872,Easton StickQB15260872,,,,NoMatch
Trayveon WilliamsRB15260869,Trayveon WilliamsRB15260869,,,,NoMatch
Samaje PerineRB15260869,Samaje PerineRB15260869,,,,NoMatch
Jacques PatrickRB15260869,,,,,NoMatch
Derrick GoreRB15260872,,,,,NoMatch
Darius BradwellRB15260872,,,,,NoMatch
Troymaine PopeRB15260872,,,,,NoMatch
Bobby HollyRB15260872,,,,,NoMatch
Gabe NabersRB15260872,Gabe NabersRB15260872,,,,NoMatch
Chris StrevelerQB15260888,,Chris StrevelerQB15260888,Chris Streveler,"Streveler, Chris",NoMatch
Nick MullensQB15260863,Nick MullensQB15260863,,,,NoMatch
C.J. BeathardQB15260863,C.J. BeathardQB15260863,,,,NoMatch
Eno BenjaminRB15260888,Eno BenjaminRB15260888,,,,NoMatch
D.J. FosterRB15260888,D.J. FosterRB15260888,,,,NoMatch
Jonathan WardRB15260888,,,,,NoMatch
Jerick McKinnonRB15260863,Jerick McKinnonRB15260863,Jerick McKinnonRB15260863,Jerick McKinnon,"McKinnon, Jerick",
Jeff Wilson Jr.RB15260863,Jeff Wilson JrRB15260863,,,,NoMatch
JaMycal HastyRB15260863,,,,,NoMatch
Kyle JuszczykRB15260863,Kyle JuszczykRB15260863,Kyle JuszczykRB15260863,Kyle Juszczyk,"Juszczyk, Kyle",
Josh HokitRB15260863,,,,,NoMatch
Ben DiNucciQB15260870,Ben DiNucciQB15260870,,,,NoMatch
Clayton ThorsonQB15260870,Clayton ThorsonQB15260870,,,,NoMatch
John WolfordQB15260882,John WolfordQB15260882,,,,NoMatch
Bryce PerkinsQB15260882,Bryce PerkinsQB15260882,,,,NoMatch
Rico DowdleRB15260870,,,,,NoMatch
Darius AndersonRB15260870,,,,,NoMatch
Sewo OloniluaRB15260870,,,,,NoMatch
John KellyRB15260882,John KellyRB15260882,,,,NoMatch
Xavier JonesRB15260882,,,,,NoMatch
Colt McCoyQB15260879,Colt McCoyQB15260879,,,,NoMatch
Cooper RushQB15260879,Cooper RushQB15260879,,,,NoMatch
Alex TanneyQB15260879,Alex TanneyQB15260879,,,,NoMatch
Paxton LynchQB15260860,Paxton LynchQB15260860,,,,NoMatch
Wayne Gallman Jr.RB15260879,Wayne Gallman JrRB15260879,Wayne GallmanRB15260879,Wayne Gallman,"Gallman, Wayne",
Tavien FeasterRB15260879,,,,,NoMatch
Sandro PlatzgummerRB15260879,,,,,NoMatch
Anthony McFarland Jr.RB15260860,Anthony McFarlandRB15260860,,,,NoMatch
Kerrith Whyte Jr.RB15260860,Kerrith Whyte JrRB15260860,,,,NoMatch
Wendell SmallwoodRB15260860,,,,,NoMatch
Derek WattRB15260860,Derek WattRB15260860,,,,NoMatch
Elijhaa PennyRB15260879,Elijhaa PennyRB15260879,,,,NoMatch
Trey EdmundsRB15260860,Trey EdmundsRB15260860,,,,NoMatch
Jeff DriskelQB15260873,Jeff DriskelQB15260873,,,,NoMatch
Brett RypienQB15260873,Brett RypienQB15260873,,,,NoMatch
Trevor SiemianQB15260871,,,,,NoMatch
Logan WoodsideQB15260871,Logan WoodsideQB15260871,,,,NoMatch
LeVante BellamyRB15260873,,,,,NoMatch
Jeremy CoxRB15260873,,,,,NoMatch
Darrynton EvansRB15260871,Darrynton EvansRB15260871,,,,NoMatch
Senorise PerryRB15260871,Senorise PerryRB15260871,,,,NoMatch
Marcus MarshallRB15260871,,,,,NoMatch
Jeremy McNicholsRB15260871,,,,,NoMatch
David FluellenRB15260871,,,,,NoMatch
Khari BlasingameRB15260871,Khari BlasingameRB15260871,Khari BlasingameRB15260871,Khari Blasingame,"Blasingame, Khari",
Royce FreemanRB15260873,Royce FreemanRB15260873,Royce FreemanRB15260873,Royce Freeman,"Freeman, Royce",
Corey DavisWR15260871,Corey DavisWR15260871,Corey DavisWR15260871,Corey Davis,"Davis, Corey",
Jerry JeudyWR15260873,Jerry JeudyWR15260873,Jerry JeudyWR15260873,Jerry Jeudy,"Jeudy, Jerry",
Jakeem GrantWR15260890,Jakeem GrantWR15260890,Jakeem GrantWR15260890,Jakeem Grant,"Grant, Jakeem",
Marvin HallWR15260874,Marvin Hall JrWR15260874,Marvin HallWR15260874,Marvin Hall,"Hall, Marvin",
JJ Arcega-WhitesideWR15260862,J.J. Arcega-WhitesideWR15260862,,,,NoMatch
Parris CampbellWR15260867,Parris CampbellWR15260867,Parris CampbellWR15260867,Parris Campbell,"Campbell, Parris",
Dawson KnoxTE15260861,Dawson KnoxTE15260861,Dawson KnoxTE15260861,Dawson Knox,"Knox, Dawson",
Joe ReedWR15260872,Joe ReedWR15260872,,,,NoMatch
Trent TaylorWR15260863,Trent TaylorWR15260863,Trent TaylorWR15260863,Trent Taylor,"Taylor, Trent",
Josh ReynoldsWR15260882,Josh ReynoldsWR15260882,Josh ReynoldsWR15260882,Josh Reynolds,"Reynolds, Josh",
Steelers DST15260860,,,,,Defense
Jimmy GrahamTE15260864,Jimmy GrahamTE15260864,Jimmy GrahamTE15260864,Jimmy Graham,"Graham, Jimmy",
Justin WatsonWR15260886,Justin WatsonWR15260886,Justin WatsonWR15260886,Justin Watson,"Watson, Justin",
Trey QuinnWR15260891,Trey QuinnWR15260891,,,,NoMatch
Tajae SharpeWR15260877,Tajae SharpeWR15260877,,,,NoMatch
Keelan ColeWR15260884,Keelan ColeWR15260884,Keelan ColeWR15260884,Keelan Cole,"Cole, Keelan",
Nelson AgholorWR15260876,Nelson AgholorWR15260876,Nelson AgholorWR15260876,Nelson Agholor,"Agholor, Nelson",
Seth RobertsWR15260878,Seth RobertsWR15260878,Seth RobertsWR15260878,Seth Roberts,"Roberts, Seth",
Auden TateWR15260869,Auden TateWR15260869,,,,NoMatch
C.J. UzomahTE15260869,C.J. UzomahTE15260869,C.J. UzomahTE15260869,C.J. Uzomah,"Uzomah, C.J.",
Ted Ginn Jr.WR15260864,Ted Ginn JrWR15260864,,,,NoMatch
O.J. HowardTE15260886,O.J. HowardTE15260886,O.J. HowardTE15260886,O.J. Howard,"Howard, O.J.",
Jake KumerowWR15260875,Jake KumerowWR15260875,,,,NoMatch
Kyle RudolphTE15260877,Kyle RudolphTE15260877,Kyle RudolphTE15260877,Kyle Rudolph,"Rudolph, Kyle",
Donovan Peoples-JonesWR15260885,Donovan Peoples-JonesWR15260885,,,,NoMatch
Vyncint SmithWR15260887,Vyncint SmithWR15260887,,,,NoMatch
Bills DST15260861,,,,,Defense
Dante PettisWR15260863,Dante PettisWR15260863,,,,NoMatch
Isaiah FordWR15260890,Isaiah FordWR15260890,Isaiah FordWR15260890,Isaiah Ford,"Ford, Isaiah",
David MooreWR15260881,David MooreWR15260881,David MooreWR15260881,David Moore,"Moore, David",
Eagles DST15260862,,,,,Defense
Jace SternbergerTE15260875,Jace SternbergerTE15260875,,,,NoMatch
Jack DoyleTE15260867,Jack DoyleTE15260867,Jack DoyleTE15260867,Jack Doyle,"Doyle, Jack",
David NjokuTE15260885,David NjokuTE15260885,David NjokuTE15260885,David Njoku,"Njoku, David",
Isaiah McKenzieWR15260861,Isaiah McKenzieWR15260861,Isaiah McKenzieWR15260861,Isaiah McKenzie,"McKenzie, Isaiah",
Alex EricksonWR15260869,Alex EricksonWR15260869,,,,NoMatch
Andy IsabellaWR15260888,Andy IsabellaWR15260888,,,,NoMatch
Tim PatrickWR15260873,Tim PatrickWR15260873,Tim PatrickWR15260873,Tim Patrick,"Patrick, Tim",
Jakobi MeyersWR15260865,Jakobi MeyersWR15260865,,,,NoMatch
Devin AsiasiTE15260865,Devin AsiasiTE15260865,,,,NoMatch
Laquon TreadwellWR15260883,Laquon TreadwellWR15260883,,,,NoMatch
Paul Richardson Jr.WR15260881,,,,,NoMatch
Jeremy SprinkleTE15260891,Jeremy SprinkleTE15260891,,,,NoMatch
Equanimeous St. BrownWR15260875,Equanimeous St. BrownWR15260875,,,,NoMatch
Chad BeebeWR15260877,Chad BeebeWR15260877,,,,NoMatch
Zay JonesWR15260876,Zay JonesWR15260876,,,,NoMatch
Dan ArnoldTE15260888,Dan ArnoldTE15260888,Dan ArnoldWR15260888,Dan Arnold,"Arnold, Dan",
49ers DST15260863,,,,,Defense
Cordarrelle PattersonWR15260864,Cordarrelle PattersonWR15260864,Cordarrelle PattersonWR15260864,Cordarrelle Patterson,"Patterson, Cordarrelle",
Cole KmetTE15260864,Cole KmetTE15260864,,,,NoMatch
Tyler JohnsonWR15260886,Tyler JohnsonWR15260886,,,,NoMatch
Will DisslyTE15260881,Will DisslyTE15260881,Will DisslyTE15260881,Will Dissly,"Dissly, Will",
Dontrelle InmanWR15260891,,Dontrelle InmanWR15260891,Dontrelle Inman,"Inman, Dontrelle",NoMatch
Chris HoganWR15260887,,Chris HoganWR15260887,Chris Hogan,"Hogan, Chris",NoMatch
Ryan GriffinTE15260887,Ryan GriffinTE15260887,,,,NoMatch
Ian ThomasTE15260878,Ian ThomasTE15260878,Ian ThomasTE15260878,Ian Thomas,"Thomas, Ian",
Jason MooreWR15260872,Jason MooreWR15260872,,,,NoMatch
Kevin WhiteWR15260863,,,,,NoMatch
Jauan JenningsWR15260863,Jauan JenningsWR15260863,,,,NoMatch
Damion RatleyWR15260879,,,,,NoMatch
Quintez CephusWR15260874,Quintez CephusWR15260874,Quintez CephusWR15260874,Quintez Cephus,"Cephus, Quintez",
Bears DST15260864,,,,,Defense
Deonte HarrisWR15260880,Deonte HarrisWR15260880,Deonte HarrisWR15260880,Deonte Harris,"Harris, Deonte",
Demarcus RobinsonWR15260868,Demarcus RobinsonWR15260868,Demarcus RobinsonWR15260868,Demarcus Robinson,"Robinson, Demarcus",
Darren FellsTE15260889,Darren FellsTE15260889,Darren FellsTE15260889,Darren Fells,"Fells, Darren",
Tyler EifertTE15260884,Tyler EifertTE15260884,Tyler EifertTE15260884,Tyler Eifert,"Eifert, Tyler",
Nick BoyleTE15260866,Nick BoyleTE15260866,Nick BoyleTE15260866,Nick Boyle,"Boyle, Nick",
Chris HerndonTE15260887,,Chris HerndonTE15260887,Chris Herndon,"Herndon, Chris",NoMatch
KeeSean JohnsonWR15260888,KeeSean JohnsonWR15260888,,,,NoMatch
Adam HumphriesWR15260871,Adam HumphriesWR15260871,Adam HumphriesWR15260871,Adam Humphries,"Humphries, Adam",
Damiere ByrdWR15260865,Damiere ByrdWR15260865,,,,NoMatch
Patriots DST15260865,,,,,Defense
Riley RidleyWR15260864,Riley RidleyWR15260864,,,,NoMatch
Jesse JamesTE15260874,Jesse JamesTE15260874,,,,NoMatch
Bennie Fowler IIIWR15260880,,,,,NoMatch
Keke CouteeWR15260889,Keke CouteeWR15260889,,,,NoMatch
Cody LatimerWR15260891,Cody LatimerWR15260891,,,,NoMatch
Marcus JohnsonWR15260867,Marcus JohnsonWR15260867,,,,NoMatch
Andre RobertsWR15260861,Andre RobertsWR15260861,,,,NoMatch
De'Mornay Pierson-ElWR15260876,,,,,NoMatch
Jason WittenTE15260876,Jason WittenTE15260876,Jason WittenTE15260876,Jason Witten,"Witten, Jason",
Kaden SmithTE15260879,Kaden SmithTE15260879,Kaden SmithTE15260879,Kaden Smith,"Smith, Kaden",
DaeSean HamiltonWR15260873,DaeSean HamiltonWR15260873,DaeSean HamiltonWR15260873,DaeSean Hamilton,"Hamilton, DaeSean",
Adam ShaheenTE15260890,Adam ShaheenTE15260864,,,,NoMatch
Javon WimsWR15260864,Javon WimsWR15260864,Javon WimsWR15260864,Javon Wims,"Wims, Javon",
Jordan AkinsTE15260889,Jordan AkinsTE15260889,Jordan AkinsTE15260889,Jordan Akins,"Akins, Jordan",
Irv Smith Jr.TE15260877,Irv Smith JrTE15260877,Irv Smith Jr.TE15260877,Irv Smith Jr.,"Smith Jr., Irv",
Taywan TaylorWR15260885,Taywan TaylorWR15260885,,,,NoMatch
Ravens DST15260866,,,,,Defense
Drew SampleTE15260869,Drew SampleTE15260869,Drew SampleTE15260869,Drew Sample,"Sample, Drew",
Maxx WilliamsTE15260888,Maxx WilliamsTE15260888,,,,NoMatch
Vance McDonaldTE15260860,Vance McDonaldTE15260860,Vance McDonaldTE15260860,Vance McDonald,"McDonald, Vance",
Malik TurnerWR15260870,,,,,NoMatch
Gary JenningsWR15260890,Gary JenningsWR15260890,,,,NoMatch
Mack HollinsWR15260890,Mack HollinsWR15260890,,,,NoMatch
Matt ColeWR15260890,,,,,NoMatch
Kirk MerrittWR15260890,,,,,NoMatch
Andy JonesWR15260890,,,,,NoMatch
Ricardo LouisWR15260890,Ricardo LouisWR15260890,,,,NoMatch
Chester RogersWR15260890,,,,,NoMatch
Gunner OlszewskiWR15260865,Gunner OlszewskiWR15260865,,,,NoMatch
Matthew SlaterWR15260865,Matthew SlaterWR15260865,,,,NoMatch
Devin RossWR15260865,,,,,NoMatch
Andre BaccelliaWR15260865,,,,,NoMatch
Jeff ThomasWR15260865,,,,,NoMatch
Isaiah ZuberWR15260865,,,,,NoMatch
Dalton KeeneTE15260865,Dalton KeeneTE15260865,,,,NoMatch
Reggie DavisWR15260864,Reggie DavisWR15260864,,,,NoMatch
Thomas IvesWR15260864,,,,,NoMatch
Darnell MooneyWR15260864,Darnell MooneyWR15260864,Darnell MooneyWR15260864,Darnell Mooney,"Mooney, Darnell",
Ahmad WagnerWR15260864,,,,,NoMatch
Rodney AdamsWR15260864,,,,,NoMatch
Alex WesleyWR15260864,Alex WesleyWR15260864,,,,NoMatch
Chris LacyWR15260874,Chris LacyWR15260874,,,,NoMatch
Jamal AgnewWR15260874,Jamal AgnewWR15260874,,,,NoMatch
Victor BoldenWR15260874,Victor Bolden JrWR15260874,,,,NoMatch
Tom KennedyWR15260874,,,,,NoMatch
Jaydon MickensWR15260886,Jaydon MickensWR15260886,,,,NoMatch
Austin CarrWR15260880,Austin CarrWR15260880,,,,NoMatch
Lil'Jordan HumphreyWR15260880,Lil'Jordan HumphreyWR15260880,,,,NoMatch
Emmanuel ButlerWR15260880,,,,,NoMatch
Juwan JohnsonWR15260880,,,,,NoMatch
Marquez CallawayWR15260880,,,,,NoMatch
Cyril GraysonWR15260886,,,,,NoMatch
Bryant MitchellWR15260886,,,,,NoMatch
John HurstWR15260886,,,,,NoMatch
Josh PearsonWR15260886,,,,,NoMatch
Spencer SchnellWR15260886,,,,,NoMatch
Cameron BrateTE15260886,Cameron BrateTE15260886,,,,NoMatch
Olamide ZaccheausWR15260883,Olamide ZaccheausWR15260883,,,,NoMatch
Jalen McCleskeyWR15260883,,,,,NoMatch
Chris RowlandWR15260883,,,,,NoMatch
Christian BlakeWR15260883,Christian BlakeWR15260883,,,,NoMatch
Devin GrayWR15260883,Devin GrayWR15260883,,,,NoMatch
Brandon PowellWR15260883,Brandon PowellWR15260883,,,,NoMatch
Juwan GreenWR15260883,,,,,NoMatch
John UrsuaWR15260881,John UrsuaWR15260881,,,,NoMatch
Stephen SullivanWR15260881,Stephen SullivanWR15260881,,,,NoMatch
Freddie SwainWR15260881,Freddie SwainWR15260881,Freddie SwainWR15260881,Freddie Swain,"Swain, Freddie",
Lance Lenoir Jr.WR15260881,,,,,NoMatch
Penny HartWR15260881,,,,,NoMatch
Cody ThompsonWR15260881,,,,,NoMatch
Aaron FullerWR15260881,,,,,NoMatch
Seth DawkinsWR15260881,,,,,NoMatch
Jacob HollisterTE15260881,Jacob HollisterTE15260881,Jacob HollisterTE15260881,Jacob Hollister,"Hollister, Jacob",
Isaiah CoulterWR15260889,Isaiah CoulterWR15260889,,,,NoMatch
Isaac WhitneyWR15260889,Isaac WhitneyWR15260889,,,,NoMatch
Chad HansenWR15260889,Chad HansenWR15260889,,,,NoMatch
Tyler SimmonsWR15260889,,,,,NoMatch
Gehrig DieterWR15260868,Gehrig DieterWR15260868,,,,NoMatch
Kalija LipscombWR15260868,,,,,NoMatch
Marcus KempWR15260868,,,,,NoMatch
Jody FortsonWR15260868,,,,,NoMatch
Maurice FfrenchWR15260868,,,,,NoMatch
Justice Shelton-MosleyWR15260868,,,,,NoMatch
DeAndre CarterWR15260889,DeAndre CarterWR15260889,DeAndre CarterWR15260889,DeAndre Carter,"Carter, DeAndre",
Steven Mitchell Jr.WR15260889,Steven Mitchell JrWR15260889,,,,NoMatch
Byron PringleWR15260868,Byron PringleWR15260868,,,,NoMatch
Chiefs DST15260868,,,,,Defense
John HightowerWR15260862,John HightowerWR15260862,John HightowerWR15260862,John Hightower,"Hightower, John",
Quez WatkinsWR15260862,Quez WatkinsWR15260862,,,,NoMatch
Deontay BurnettWR15260862,,,,,NoMatch
Travis FulghamWR15260862,Travis FulghamWR15260874,,,,NoMatch
Shelton GibsonWR15260862,Shelton GibsonWR15260862,,,,NoMatch
Marcus GreenWR15260862,Marcus GreenWR15260862,,,,NoMatch
Manasseh BaileyWR15260862,,,,,NoMatch
Cam SimsWR15260891,Cam SimsWR15260891,,,,NoMatch
Jester WeahWR15260891,,,,,NoMatch
Jordan VeasyWR15260891,,,,,NoMatch
Johnathon JohnsonWR15260891,,,,,NoMatch
Isaiah WrightWR15260891,,,,,NoMatch
Tony BrownWR15260891,,,,,NoMatch
Kelvin HarmonWR15260891,Kelvin HarmonWR15260891,,,,NoMatch
Reggie BegeltonWR15260875,,,,,NoMatch
Darrius ShepherdWR15260875,Darrius ShepherdWR15260875,,,,NoMatch
Malik TaylorWR15260875,,,,,NoMatch
Alexander HollinsWR15260877,Alexander HollinsWR15260877,,,,NoMatch
K.J. OsbornWR15260877,K.J. OsbornWR15260877,,,,NoMatch
Dillon MitchellWR15260877,Dillon MitchellWR15260877,,,,NoMatch
Quartney DavisWR15260877,,,,,NoMatch
Dan ChisenaWR15260877,,,,,NoMatch
Marcedes LewisTE15260875,Marcedes LewisTE15260875,,,,NoMatch
Dezmon PatmonWR15260867,Dezmon PatmonWR15260867,,,,NoMatch
Reece FountainWR15260867,Reece FountainWR15260867,,,,NoMatch
Ashton DulinWR15260867,Ashton DulinWR15260867,,,,NoMatch
Artavis ScottWR15260867,Artavis ScottWR15260867,,,,NoMatch
Malik HenryWR15260867,,,,,NoMatch
De'Michael HarrisWR15260867,,,,,NoMatch
Collin JohnsonWR15260884,Collin JohnsonWR15260884,Collin JohnsonWR15260884,Collin Johnson,"Johnson, Collin",
Michael WalkerWR15260884,Michael WalkerWR15260884,,,,NoMatch
Terry GodwinWR15260884,Terry Godwin IIWR15260884,,,,NoMatch
Josh HammondWR15260884,,,,,NoMatch
Marvelle RossWR15260884,,,,,NoMatch
Trey BurtonTE15260867,Trey BurtonTE15260867,,,,NoMatch
James O'ShaughnessyTE15260884,James O'ShaughnessyTE15260884,James O'ShaughnessyTE15260884,James O'Shaughnessy,"O'Shaughnessy, James",
Colts DST15260867,,,,,Defense
KhaDarel HodgeWR15260885,KhaDarel HodgeWR15260885,KhaDarel HodgeWR15260885,KhaDarel Hodge,"Hodge, KhaDarel",
JoJo NatsonWR15260885,JoJo NatsonWR15260885,,,,NoMatch
J'Mon MooreWR15260885,J'Mon MooreWR15260885,,,,NoMatch
Ja'Marcus BradleyWR15260885,,,,,NoMatch
James ProcheWR15260866,James ProcheWR15260866,,,,NoMatch
Chris MooreWR15260866,Chris MooreWR15260866,,,,NoMatch
Jaleel ScottWR15260866,Jaleel ScottWR15260866,,,,NoMatch
Jaylon MooreWR15260866,,,,,NoMatch
Gabriel DavisWR15260861,Gabriel DavisWR15260861,Gabriel DavisWR15260861,Gabriel Davis,"Davis, Gabriel",
Isaiah HodginsWR15260861,Isaiah HodginsWR15260861,,,,NoMatch
Robert FosterWR15260861,Robert FosterWR15260861,,,,NoMatch
Duke WilliamsWR15260861,Duke WilliamsWR15260861,,,,NoMatch
Josh MaloneWR15260887,,,,,NoMatch
Jeff SmithWR15260887,Jeff SmithWR15260887,,,,NoMatch
Donte MoncriefWR15260887,,,,,NoMatch
Braxton BerriosWR15260887,Braxton BerriosWR15260887,,,,NoMatch
D.J. MontgomeryWR15260887,,,,,NoMatch
Jehu ChessonWR15260887,,,,,NoMatch
Lawrence CagerWR15260887,,,,,NoMatch
George CampbellWR15260887,,,,,NoMatch
Josh BellamyWR15260887,Josh BellamyWR15260887,,,,NoMatch
Keelan DossWR15260876,Keelan DossWR15260876,,,,NoMatch
Rico GaffordWR15260876,Rico GaffordWR15260876,,,,NoMatch
Marcell AtemanWR15260876,Marcell AtemanWR15260876,,,,NoMatch
Keith KirkwoodWR15260878,Keith KirkwoodWR15260878,,,,NoMatch
Pharoh CooperWR15260878,Pharoh CooperWR15260878,,,,NoMatch
Brandon ZylstraWR15260878,Brandon ZylstraWR15260878,,,,NoMatch
Cam PhillipsWR15260878,,,,,NoMatch
Ishmael HymanWR15260878,Ishmael HymanWR15260878,,,,NoMatch
Tommylee LewisWR15260878,Tommylee LewisWR15260880,,,,NoMatch
Marken MichelWR15260878,,,,,NoMatch
Darrell StewartWR15260878,,,,,NoMatch
Jalen GuytonWR15260872,Jalen GuytonWR15260872,Jalen GuytonWR15260872,Jalen Guyton,"Guyton, Jalen",
Mike ThomasWR15260869,Mike ThomasWR15260869,Mike ThomasWR15260869,Mike Thomas,"Thomas, Mike",
Stanley MorganWR15260869,Stanley Morgan JrWR15260869,,,,NoMatch
Trenton IrwinWR15260869,,,,,NoMatch
Damion WillisWR15260869,Damion WillisWR15260869,,,,NoMatch
DaMarkus LodgeWR15260869,DaMarkus LodgeWR15260869,,,,NoMatch
Scotty WashingtonWR15260869,,,,,NoMatch
K.J. HillWR15260872,K.J. HillWR15260872,,,,NoMatch
Darius JenningsWR15260872,Darius JenningsWR15260872,,,,NoMatch
Tyron JohnsonWR15260872,,,,,NoMatch
Jeff CottonWR15260872,,,,,NoMatch
Dalton SchoenWR15260872,,,,,NoMatch
Tavon AustinWR15260863,,,,,NoMatch
Richie James Jr.WR15260863,Richie James JrWR15260863,,,,NoMatch
Hakeem ButlerWR15260888,Hakeem ButlerWR15260888,,,,NoMatch
Trent SherfieldWR15260888,Trent SherfieldWR15260888,,,,NoMatch
Andre PattonWR15260888,Andre PattonWR15260872,,,,NoMatch
Johnnie DixonWR15260888,Johnnie DixonWR15260888,,,,NoMatch
A.J. RichardsonWR15260888,,,,,NoMatch
JoJo WardWR15260888,,,,,NoMatch
River CracraftWR15260863,,,,,NoMatch
Shawn PoindexterWR15260863,,,,,NoMatch
Jordan ReedTE15260863,,Jordan ReedTE15260863,Jordan Reed,"Reed, Jordan",NoMatch
Cedrick WilsonWR15260870,Cedrick WilsonWR15260870,,,,NoMatch
Jon'Vea JohnsonWR15260870,Jon'Vea JohnsonWR15260870,,,,NoMatch
Noah BrownWR15260870,Noah BrownWR15260870,,,,NoMatch
Aaron ParkerWR15260870,,,,,NoMatch
Tevin JonesWR15260870,Tevin JonesWR15260870,,,,NoMatch
Stephen GuidryWR15260870,,,,,NoMatch
Van Jefferson Jr.WR15260882,Van JeffersonWR15260882,Van JeffersonWR15260882,Van Jefferson,"Jefferson, Van",
Earnest EdwardsWR15260882,,,,,NoMatch
Trishton JacksonWR15260882,,,,,NoMatch
J.J. KoskiWR15260882,,,,,NoMatch
Easop Winston Jr.WR15260882,,,,,NoMatch
Ventell BryantWR15260870,,,,,NoMatch
Devin SmithWR15260870,Devin SmithWR15260870,,,,NoMatch
Nsimba WebsterWR15260882,Nsimba WebsterWR15260882,,,,NoMatch
Corey ColemanWR15260879,Corey ColemanWR15260879,,,,NoMatch
C.J. BoardWR15260879,C.J. BoardWR15260884,C.J. BoardWR15260879,C.J. Board,"Board, C.J.",
Rysen JohnWR15260879,,,,,NoMatch
Alex BachmanWR15260879,,,,,NoMatch
Derrick DillonWR15260879,,,,,NoMatch
Binjimen VictorWR15260879,,,,,NoMatch
Brittan GoldenWR15260879,,,,,NoMatch
Austin MackWR15260879,,,,,NoMatch
Chase ClaypoolWR15260860,Chase ClaypoolWR15260860,Chase ClaypoolWR15260860,Chase Claypool,"Claypool, Chase",
Ryan SwitzerWR15260860,Ryan SwitzerWR15260860,,,,NoMatch
Ray-Ray McCloud IIIWR15260860,Ray-Ray McCloud IIIWR15260861,,,,NoMatch
Saeed BlacknallWR15260860,Saeed BlacknallWR15260860,,,,NoMatch
DeAndre ThompkinsWR15260860,,,,,NoMatch
Amara DarbohWR15260860,Amara DarbohWR15260860,,,,NoMatch
David SillsWR15260879,David Sills VWR15260879,,,,NoMatch
Deon CainWR15260860,Deon CainWR15260860,,,,NoMatch
KJ HamlerWR15260873,K.J. HamlerWR15260873,,,,NoMatch
Tyrie ClevelandWR15260873,Tyrie ClevelandWR15260873,Tyrie ClevelandWR15260873,Tyrie Cleveland,"Cleveland, Tyrie",
Juwann WinfreeWR15260873,Juwann WinfreeWR15260873,,,,NoMatch
Cody WhiteWR15260873,,,,,NoMatch
Trinity BensonWR15260873,,,,,NoMatch
Kendall HintonWR15260873,,,,,NoMatch
Kalif RaymondWR15260871,Kalif RaymondWR15260871,,,,NoMatch
Cameron BatsonWR15260871,Cameron BatsonWR15260871,,,,NoMatch
Rashard DavisWR15260871,Rashard DavisWR15260871,,,,NoMatch
Krishawn HoganWR15260871,Krishawn HoganWR15260880,,,,NoMatch
Nick Westbrook-IkhineWR15260871,,,,,NoMatch
Kristian WilkersonWR15260871,,,,,NoMatch
Mason KinseyWR15260871,,,,,NoMatch
Diontae SpencerWR15260873,Diontae SpencerWR15260873,,,,NoMatch
Fred BrownWR15260873,Fred BrownWR15260873,,,,NoMatch
Cody HollisterWR15260871,Cody HollisterWR15260871,,,,NoMatch
Jaeden GrahamTE15260883,Jaeden GrahamTE15260883,,,,NoMatch
Ricky Seals-JonesTE15260868,Ricky Seals-JonesTE15260868,,,,NoMatch
Bengals DST15260869,,,,,Defense
Gerald EverettTE15260882,Gerald EverettTE15260882,Gerald EverettTE15260882,Gerald Everett,"Everett, Gerald",
Cowboys DST15260870,,,,,Defense
Josh HillTE15260880,Josh HillTE15260880,,,,NoMatch
Logan ThomasTE15260891,Logan ThomasTE15260891,Logan ThomasTE15260891,Logan Thomas,"Thomas, Logan",
Josiah DeguaraTE15260875,Josiah DeguaraTE15260875,Josiah DeguaraTE15260875,Josiah Deguara,"Deguara, Josiah",
Tyler KroftTE15260861,Tyler KroftTE15260861,,,,NoMatch
Virgil GreenTE15260872,Virgil GreenTE15260872,Virgil GreenTE15260872,Virgil Green,"Green, Virgil",
Chargers DST15260872,,,,,Defense
Nick VannettTE15260873,Nick VannettTE15260873,Nick VannettTE15260873,Nick Vannett,"Vannett, Nick",
Titans DST15260871,,,,,Defense
Broncos DST15260873,,,,,Defense
Durham SmytheTE15260890,Durham SmytheTE15260890,,,,NoMatch
Lions DST15260874,,,,,Defense
Hale HentgesTE15260891,Hale HentgesTE15260891,,,,NoMatch
Harrison BryantTE15260885,Harrison BryantTE15260885,Harrison BryantTE15260885,Harrison Bryant,"Bryant, Harrison",
Chris ManhertzTE15260878,Chris ManhertzTE15260878,Chris ManhertzTE15260878,Chris Manhertz,"Manhertz, Chris",
Temarrick HemingwayTE15260878,Temarrick HemingwayTE15260878,,,,NoMatch
Levine ToiloloTE15260879,Levine ToiloloTE15260879,Levine ToiloloTE15260879,Levine Toilolo,"Toilolo, Levine",
Khari LeeTE15260883,Khari LeeTE15260883,,,,NoMatch
Packers DST15260875,,,,,Defense
Raiders DST15260876,,,,,Defense
Noah TogiaiTE15260867,,,,,NoMatch
Nate WietingTE15260890,,,,,NoMatch
Paul ButlerTE15260865,,,,,NoMatch
Paul QuessenberryTE15260865,,,,,NoMatch
Chris MyarickTE15260890,,,,,NoMatch
Ryan IzzoTE15260865,Ryan IzzoTE15260865,Ryan IzzoTE15260865,Ryan Izzo,"Izzo, Ryan",
Jake BurtTE15260865,,,,,NoMatch
Rashod BerryTE15260865,,,,,NoMatch
Demetrius HarrisTE15260864,Demetrius HarrisTE15260864,,,,NoMatch
Jesper HorstedTE15260864,Jesper HorstedTE15260864,,,,NoMatch
Eric SaubertTE15260864,Eric SaubertTE15260864,,,,NoMatch
J.P. HoltzTE15260864,J.P. HoltzTE15260864,,,,NoMatch
Patrick ScalesTE15260864,Patrick ScalesTE15260864,,,,NoMatch
Isaac NautaTE15260874,Isaac NautaTE15260874,,,,NoMatch
Hunter BryantTE15260874,Hunter BryantTE15260874,,,,NoMatch
Matt SokolTE15260874,,,,,NoMatch
Ethan WolfTE15260880,Ethan WolfTE15260882,,,,NoMatch
Jason Vander LaanTE15260880,Jason Vander LaanTE15260880,,,,NoMatch
Adam TrautmanTE15260880,Adam TrautmanTE15260880,,,,NoMatch
Garrett GriffinTE15260880,Garrett GriffinTE15260880,,,,NoMatch
Antony AuclairTE15260886,Antony AuclairTE15260886,,,,NoMatch
Tanner HudsonTE15260886,Tanner HudsonTE15260886,,,,NoMatch
Codey McElroyTE15260886,,,,,NoMatch
Luke StockerTE15260883,,,,,NoMatch
Jared PinkneyTE15260883,,,,,NoMatch
Colby ParkinsonTE15260881,Colby ParkinsonTE15260881,,,,NoMatch
Luke WillsonTE15260881,Luke WillsonTE15260881,,,,NoMatch
Tyler OttTE15260881,Tyler OttTE15260881,,,,NoMatch
Tyler MabryTE15260881,,,,,NoMatch
Kahale WarringTE15260889,Kahale WarringTE15260889,,,,NoMatch
Dylan StapletonTE15260889,,,,,NoMatch
Anthony KukwaTE15260889,,,,,NoMatch
Daniel HelmTE15260868,Daniel HelmTE15260863,,,,NoMatch
Nick KeizerTE15260868,,,,,NoMatch
Jordan ThomasTE15260889,Jordan ThomasTE15260889,,,,NoMatch
Deon YelderTE15260868,Deon YelderTE15260868,,,,NoMatch
James WinchesterTE15260868,James WinchesterTE15260868,,,,NoMatch
Tyrone SwoopesTE15260862,,,,,NoMatch
Richard RodgersTE15260891,Richard RodgersTE15260891,,,,NoMatch
Caleb WilsonTE15260862,Caleb WilsonTE15260891,,,,NoMatch
Marcus BaughTE15260891,,,,,NoMatch
Jerome CunninghamTE15260891,,,,,NoMatch
Robert TonyanTE15260875,Robert TonyanTE15260875,,,,NoMatch
Evan BaylisTE15260875,Evan BaylisTE15260875,,,,NoMatch
Tyler ConklinTE15260877,Tyler ConklinTE15260877,,,,NoMatch
Brandon DillonTE15260877,Brandon DillonTE15260877,,,,NoMatch
Nakia Griffin-StewartTE15260877,,,,,NoMatch
Jake BargasTE15260877,,,,,NoMatch
Vikings DST15260877,,,,,Defense
Mo Alie-CoxTE15260867,Mo Alie-CoxTE15260867,Mo Alie-CoxTE15260867,Mo Alie-Cox,"Alie-Cox, Mo",
Andrew VollertTE15260867,Andrew VollertTE15260872,,,,NoMatch
Matt FlanaganTE15260884,,,,,NoMatch
Xavier GrimbleTE15260867,Xavier GrimbleTE15260867,,,,NoMatch
Farrod GreenTE15260867,,,,,NoMatch
Matt LengelTE15260867,Matt LengelTE15260867,,,,NoMatch
Dominique DafneyTE15260867,,,,,NoMatch
Tyler DavisTE15260884,Tyler DavisTE15260884,,,,NoMatch
Ben EllefsonTE15260884,,,,,NoMatch
Matt OrzechTE15260884,Matt OrzechTE15260884,,,,NoMatch
Pharaoh BrownTE15260885,Pharaoh BrownTE15260885,,,,NoMatch
Stephen CarlsonTE15260885,Stephen CarlsonTE15260885,,,,NoMatch
Eli WolfTE15260866,,,,,NoMatch
Jerell AdamsTE15260866,,,,,NoMatch
Charles ScarffTE15260866,,,,,NoMatch
Lee SmithTE15260861,Lee SmithTE15260861,,,,NoMatch
Tommy SweeneyTE15260861,Tommy SweeneyTE15260861,,,,NoMatch
Jason CroomTE15260861,Jason CroomTE15260861,,,,NoMatch
Nate BeckerTE15260861,,,,,NoMatch
Daniel BrownTE15260887,Daniel BrownTE15260887,,,,NoMatch
Ross TravisTE15260887,,,,,NoMatch
Trevon WescoTE15260887,Trevon WescoTE15260887,,,,NoMatch
Foster MoreauTE15260876,Foster MoreauTE15260876,,,,NoMatch
Derek CarrierTE15260876,Derek CarrierTE15260876,,,,NoMatch
Nick BowersTE15260876,,,,,NoMatch
Nick O'LearyTE15260876,Nick O'LearyTE15260876,,,,NoMatch
Colin ThompsonTE15260878,,,,,NoMatch
Giovanni RicciTE15260878,,,,,NoMatch
Panthers DST15260878,,,,,Defense
Cethan CarterTE15260869,Cethan CarterRB15260869,,,,NoMatch
Mason SchreckTE15260869,Mason SchreckTE15260869,,,,NoMatch
Jordan FranksTE15260869,Jordan FranksTE15260869,,,,NoMatch
Mitchell WilcoxTE15260869,,,,,NoMatch
Clark HarrisTE15260869,Clark HarrisTE15260869,,,,NoMatch
Dan GodsilTE15260869,,,,,NoMatch
Stephen AndersonTE15260872,Stephen AndersonTE15260872,,,,NoMatch
Donald Parham Jr.TE15260872,Donald ParhamTE15260872,,,,NoMatch
Sean CulkinTE15260872,,,,,NoMatch
Darrell DanielsTE15260888,Darrell DanielsTE15260888,,,,NoMatch
MarQueis GrayTE15260863,,,,,NoMatch
Dylan CantrellTE15260888,Dylan CantrellTE15260888,,,,NoMatch
Ross DwelleyTE15260863,Ross DwelleyTE15260863,,,,NoMatch
Charlie WoernerTE15260863,Charlie WoernerTE15260863,,,,NoMatch
Chase HarrellTE15260863,,,,,NoMatch
Kyle NelsonTE15260863,Kyle NelsonTE15260863,,,,NoMatch
Blake BellTE15260870,Blake BellTE15260870,,,,NoMatch
Cole HikutiniTE15260870,Cole HikutiniTE15260870,,,,NoMatch
Charlie TaumoepeauTE15260870,,,,,NoMatch
Sean McKeonTE15260870,,,,,NoMatch
Brycen HopkinsTE15260882,Brycen HopkinsTE15260882,,,,NoMatch
Dalton SchultzTE15260870,Dalton SchultzTE15260870,Dalton SchultzTE15260870,Dalton Schultz,"Schultz, Dalton",
Johnny MundtTE15260882,Johnny MundtTE15260882,,,,NoMatch
Kendall BlantonTE15260882,Kendall BlantonTE15260882,,,,NoMatch
Garrett DickersonTE15260879,Garrett DickersonTE15260879,,,,NoMatch
Eric TomlinsonTE15260879,Eric TomlinsonTE15260879,,,,NoMatch
Kevin RaderTE15260860,,,,,NoMatch
Kyle MarkwayTE15260860,,,,,NoMatch
Zach GentryTE15260860,Zach GentryTE15260860,,,,NoMatch
Albert OkwuegbunamTE15260873,Albert OkwuegbunamTE15260873,,,,NoMatch
Jake ButtTE15260873,Jake ButtTE15260873,Jake ButtTE15260873,Jake Butt,"Butt, Jake",
Austin FortTE15260873,Austin FortTE15260873,,,,NoMatch
Geoff SwaimTE15260871,,,,,NoMatch
Tommy HudsonTE15260871,,,,,NoMatch
Troy FumagalliTE15260873,Troy FumagalliTE15260873,,,,NoMatch
Andrew BeckTE15260873,Andrew BeckTE15260873,,,,NoMatch
Anthony FirkserTE15260871,Anthony FirkserTE15260871,Anthony FirkserTE15260871,Anthony Firkser,"Firkser, Anthony",
MyCole PruittTE15260871,MyCole PruittTE15260871,MyCole PruittTE15260871,MyCole Pruitt,"Pruitt, MyCole",
Beau BrinkleyTE15260871,Beau BrinkleyTE15260871,,,,NoMatch
Saints DST15260880,,,,,Defense
Seahawks DST15260881,,,,,Defense
Rams DST15260882,,,,,Defense
Giants DST15260879,,,,,Defense
Falcons DST15260883,,,,,Defense
Jaguars DST15260884,,,,,Defense
Buccaneers DST15260886,,,,,Defense
Browns DST15260885,,,,,Defense
Jets DST15260887,,,,,Defense
Cardinals DST15260888,,,,,Defense
Dolphins DST15260890,,,,,Defense
Texans DST15260889,,,,,Defense
WAS Football Team DST15260891,,,,,Defense
